id,boltz_pp,esm3_ptm,chai_pp,af3_pp,track1_af3only,track2_af3chai,track3_all4,track4_rank_sum,track5_chai_only
22,0.3429473837216695,0.9361671805381775,0.12402558,0.2733333333333333,0.2733333333333333,0.19867946,0.41911837,50,0.12402558
106,0.3179754863182704,0.93293297290802,0.12589435,0.21333333333333335,0.21333333333333335,0.16961384,0.39753404,63,0.12589435
46,0.3222120553255081,0.9369049072265625,0.12372587,0.19666666666666666,0.19666666666666666,0.16019627,0.39487737,69,0.12372587
23,0.5302128692468008,0.9366523623466492,0.13303815,0.17333333333333334,0.17333333333333334,0.15318574,0.4433092,74,0.13303815
127,0.31649420658747357,0.9377710223197937,0.15502666,0.22666666666666666,0.22666666666666666,0.19084667,0.40898964,40,0.15502666
11,0.31931013862291974,0.9350672960281372,0.15202239,0.5499999999999999,0.5499999999999999,0.35101122,0.48909995,20,0.15202239
175,0.4062642107407252,0.9335792660713196,0.13311036,0.16333333333333333,0.16333333333333333,0.14822185,0.4090718,75,0.13311036
43,0.33959318200747174,0.9349184036254883,0.16879545,0.19333333333333333,0.19333333333333333,0.1810644,0.40916008,46,0.16879545
14,0.6307716270287832,0.9325724840164185,0.16017658,0.24666666666666667,0.24666666666666667,0.20342162,0.49254683,32,0.16017658
86,0.5195571482181549,0.8989465832710266,0.37573305,0.17666666666666667,0.17666666666666667,0.27619985,0.49272585,43,0.37573305
92,0.3765435765186946,0.934756875038147,0.11173067,0.16333333333333333,0.16333333333333333,0.137532,0.39659113,94,0.11173067
148,0.34379030764102936,0.9344128370285034,0.17725424,0.3133333333333333,0.3133333333333333,0.2452938,0.44219768,16,0.17725424
137,0.3940000931421916,0.9331837892532349,0.13897572,0.22999999999999998,0.22999999999999998,0.18448786,0.4240399,41,0.13897572
121,0.31783003608385724,0.9352811574935913,0.12625848,0.18666666666666665,0.18666666666666665,0.15646258,0.3915091,73,0.12625848
17,0.3524044454097748,0.9351691007614136,0.111349426,0.22666666666666668,0.22666666666666668,0.16900805,0.4063974,69,0.111349426
118,0.4924363096555074,0.9361330270767212,0.22540498,0.20333333333333334,0.20333333333333334,0.21436915,0.46432692,33,0.22540498
44,0.500525693098704,0.9361410140991211,0.11970029,0.18000000000000002,0.18000000000000002,0.14985014,0.43409175,82,0.11970029
124,0.3125689625740051,0.9363604784011841,0.1469654,0.2866666666666667,0.2866666666666667,0.21681604,0.42064038,30,0.1469654
62,0.48660409450531006,0.9334441423416138,0.16504058,0.2866666666666667,0.2866666666666667,0.22585362,0.46793887,25,0.16504058
90,0.31519802908102673,0.9342036247253418,0.17466699,0.32,0.32,0.2473335,0.43601716,15,0.17466699
144,0.35842405756314594,0.9337924718856812,0.10098652,0.19666666666666666,0.19666666666666666,0.1488266,0.39746743,83,0.10098652
3,0.4127567609151204,0.9320999383926392,0.12114818,0.23333333333333336,0.23333333333333336,0.17724076,0.42483455,58,0.12114818
139,0.3679959277311961,0.9328283667564392,0.1380555,0.17,0.17,0.15402776,0.40221995,69,0.1380555
160,0.3352706531683604,0.9303857088088989,0.15654308,0.22333333333333336,0.22333333333333336,0.1899382,0.41138318,41,0.15654308
8,0.5136473476886749,0.9335413575172424,0.19832285,0.19333333333333333,0.19333333333333333,0.19582808,0.4597112,41,0.19832285
68,0.45523155728975934,0.9144587516784668,0.113951564,0.19333333333333333,0.19333333333333333,0.15364245,0.4192438,83,0.113951564
155,0.38146965205669403,0.9370489120483398,0.12353352,0.3233333333333333,0.3233333333333333,0.22343342,0.44134635,45,0.12353352
154,0.38109124203523,0.9359407424926758,0.1361331,0.19666666666666666,0.19666666666666666,0.1663999,0.41245794,61,0.1361331
131,0.3807721734046936,0.9223998188972473,0.17020272,0.3433333333333333,0.3433333333333333,0.25676802,0.45417702,14,0.17020272
9,0.3300759792327881,0.9362828135490417,0.13080491,0.25,0.25,0.19040245,0.4117909,47,0.13080491
122,0.2860196928183238,0.93738853931427,0.11501569,0.16,0.16,0.13750784,0.37460598,91,0.11501569
27,0.4582025359074275,0.9354339241981506,0.16149968,0.21,0.21,0.18574983,0.44128403,44,0.16149968
78,0.3201681425174077,0.9366517066955566,0.120613515,0.22666666666666666,0.22666666666666666,0.1736401,0.401025,64,0.120613515
47,0.3193691422541936,0.9352087378501892,0.21207286,0.21666666666666665,0.21666666666666665,0.21436977,0.42082936,31,0.21207286
103,0.2743714253107707,0.9367075562477112,0.1275129,0.4033333333333333,0.4033333333333333,0.26542312,0.4354813,35,0.1275129
116,0.3999070425828298,0.9340496063232422,0.19123983,0.32,0.32,0.2556199,0.46129912,14,0.19123983
40,0.3562738448381424,0.9267011880874634,0.5802844,0.2733333333333334,0.2733333333333334,0.4268089,0.5341482,14,0.5802844
58,0.3837418208519618,0.9393278360366821,0.13833843,0.2233333333333333,0.2233333333333333,0.18083587,0.42118534,49,0.13833843
134,0.2973201970259349,0.9321950674057007,0.16990729,0.35333333333333333,0.35333333333333333,0.2616203,0.43818897,14,0.16990729
53,0.532081147034963,0.9192423820495605,0.13587503,0.16,0.16,0.1479375,0.43679965,76,0.13587503
150,0.4167512059211731,0.8989884257316589,0.11403203,0.21666666666666667,0.21666666666666667,0.16534935,0.4116096,71,0.11403203
163,0.4461229244867961,0.9360884428024292,0.11623216,0.18666666666666668,0.18666666666666668,0.15144941,0.42127755,81,0.11623216
12,0.36259497205416363,0.9353794455528259,0.13854633,0.37666666666666665,0.37666666666666665,0.2576065,0.45329684,26,0.13854633
161,0.44596266249815625,0.9256400465965271,0.13665423,0.14666666666666664,0.14666666666666664,0.14166045,0.41373092,76,0.13665423
152,0.3405580371618271,0.9342636466026306,0.1422696,0.22666666666666668,0.22666666666666668,0.18446814,0.4109395,42,0.1422696
189,0.47289008398850757,0.9328256249427795,0.13494568,0.19999999999999998,0.19999999999999998,0.16747284,0.43516535,60,0.13494568
6,0.4773240884145101,0.919249951839447,0.16659933,0.27666666666666667,0.27666666666666667,0.221633,0.45996,24,0.16659933
117,0.4259823610385259,0.9313896894454956,0.11358619,0.15333333333333335,0.15333333333333335,0.13345976,0.40607288,96,0.11358619
114,0.5889190336068472,0.9368776679039001,0.12366865,0.17666666666666667,0.17666666666666667,0.15016766,0.456533,80,0.12366865
113,0.39219793677330017,0.935114860534668,0.16541089,0.24666666666666667,0.24666666666666667,0.20603877,0.4348476,30,0.16541089
